"Message",Low,".NET 네이티브 컴파일 시작"
"Message",Low,""
"Message",Low,""
"Message",Low,"""Gatekeeper"" 작업"
"Message",Normal,"'C:\Program Files (x86)\Microsoft SDKs\UWPNuGetPackages\runtime.win10-arm.microsoft.net.native.compiler\2.2.10-rel-29722-00\tools\ARM\ilc\ilc.exe --gatekeeper @""C:\Users\tsop3\gitrepos\ImageScanOCR\src\ImageScanOCR\obj\ARM\Release\ilc\intermediate\gkargs.rsp""'을(를) 시작하는 중"
"Message",Low,"Microsoft (R) .NET ����Ƽ�� ����ƮŰ�� ���� 2.2.29722.00 "
"Message",Low,"Copyright (C) Microsoft Corporation.  All rights reserved. "
"Message",Low," "
"Message",Low,"'C:\Users\tsop3\gitrepos\ImageScanOCR\src\ImageScanOCR\obj\ARM\Release\ilc\in\ColorCode.Core.dll' �������� Ȯ���ϴ� ���Դϴ�. "
"Message",Low,"'C:\Users\tsop3\gitrepos\ImageScanOCR\src\ImageScanOCR\obj\ARM\Release\ilc\in\ColorCode.UWP.dll' �������� Ȯ���ϴ� ���Դϴ�. "
"Message",Low,"'C:\Users\tsop3\gitrepos\ImageScanOCR\src\ImageScanOCR\obj\ARM\Release\ilc\in\ImageScanOCR.exe' �������� Ȯ���ϴ� ���Դϴ�. "
"Message",Low,"'C:\Users\tsop3\gitrepos\ImageScanOCR\src\ImageScanOCR\obj\ARM\Release\ilc\in\Microsoft.Graphics.Canvas.winmd' �������� Ȯ���ϴ� ���Դϴ�. "
"Message",Low,"'C:\Users\tsop3\gitrepos\ImageScanOCR\src\ImageScanOCR\obj\ARM\Release\ilc\in\Microsoft.Toolkit.dll' �������� Ȯ���ϴ� ���Դϴ�. "
"Message",Low,"'C:\Users\tsop3\gitrepos\ImageScanOCR\src\ImageScanOCR\obj\ARM\Release\ilc\in\Microsoft.Toolkit.Uwp.dll' �������� Ȯ���ϴ� ���Դϴ�. "
"Message",Low,"'C:\Users\tsop3\gitrepos\ImageScanOCR\src\ImageScanOCR\obj\ARM\Release\ilc\in\Microsoft.Toolkit.Uwp.UI.dll' �������� Ȯ���ϴ� ���Դϴ�. "
"Message",Low,"'C:\Users\tsop3\gitrepos\ImageScanOCR\src\ImageScanOCR\obj\ARM\Release\ilc\in\Microsoft.Toolkit.Uwp.UI.Controls.Core.dll' �������� Ȯ���ϴ� ���Դϴ�. "
"Message",Low,"'C:\Users\tsop3\gitrepos\ImageScanOCR\src\ImageScanOCR\obj\ARM\Release\ilc\in\Microsoft.Toolkit.Uwp.UI.Controls.DataGrid.dll' �������� Ȯ���ϴ� ���Դϴ�. "
"Message",Low,"'C:\Users\tsop3\gitrepos\ImageScanOCR\src\ImageScanOCR\obj\ARM\Release\ilc\in\Microsoft.Toolkit.Uwp.UI.Controls.Input.dll' �������� Ȯ���ϴ� ���Դϴ�. "
"Message",Low,"'C:\Users\tsop3\gitrepos\ImageScanOCR\src\ImageScanOCR\obj\ARM\Release\ilc\in\Microsoft.Toolkit.Uwp.UI.Controls.Layout.dll' �������� Ȯ���ϴ� ���Դϴ�. "
"Message",Low,"'C:\Users\tsop3\gitrepos\ImageScanOCR\src\ImageScanOCR\obj\ARM\Release\ilc\in\Microsoft.Toolkit.Uwp.UI.Controls.Markdown.dll' �������� Ȯ���ϴ� ���Դϴ�. "
"Message",Low,"'C:\Users\tsop3\gitrepos\ImageScanOCR\src\ImageScanOCR\obj\ARM\Release\ilc\in\Microsoft.Toolkit.Uwp.UI.Controls.Media.dll' �������� Ȯ���ϴ� ���Դϴ�. "
"Message",Low,"'C:\Users\tsop3\gitrepos\ImageScanOCR\src\ImageScanOCR\obj\ARM\Release\ilc\in\Microsoft.Toolkit.Uwp.UI.Controls.Primitives.dll' �������� Ȯ���ϴ� ���Դϴ�. "
"Message",Normal,"'C:\Program Files (x86)\Microsoft SDKs\UWPNuGetPackages\runtime.win10-arm.microsoft.net.native.compiler\2.2.10-rel-29722-00\tools\ARM\ilc\ilc.exe --gatekeeper @""C:\Users\tsop3\gitrepos\ImageScanOCR\src\ImageScanOCR\obj\ARM\Release\ilc\intermediate\gkargs.rsp""'이(가) 완료되었습니다."
"Message",Normal,"프로세스 실행 통계(밀리초 단위의 모든 시간)"
"Message",Normal,"-----------------------------------------------------------------------------"
"Message",Normal,"실행  |  시작   |   중지   |   종료    | 기간 | 수명 | [슬롯] 이름"
"Message",Normal,"-----------------------------------------------------------------------------"
"Message",Normal,"       0 |        0 |      781 |      921 |      781 |      921 | [0] Gatekeeper"
"Message",Normal,"명령 수:      1"
"Message",Normal,"총 시스템 시간:       921ms"
"Message",Normal,"명령당 시스템 시간: 921ms"
"Message",Normal,"총 기간:          781ms"
"Message",Normal,"총 수명:          921ms"
"Message",Normal,"요청된 DOP:           8"
"Message",Normal,"기간 DOP:            0.8"
"Message",Normal,"수명 DOP:            1.0"
"Message",Low,"""Gatekeeper"" 작업을 실행했습니다."
"Message",Low,"""Preparation"" 파일에 ""RunGatekeeper"" 대상을 빌드했습니다."
"Message",Low,""
"Message",Low,"""Preparation"" 파일에 ""CreateToolchainGeneratedAssembly"" 대상을 빌드했습니다."
"Message",Low,""
"Message",Low,"""PreMergeAssemblyClosure"" 작업"
"Message",Low,"""PreMergeAssemblyClosure"" 작업을 실행했습니다."
"Message",Low,"""Preparation"" 파일에 ""ConstructPreMergeAssemblyClosure"" 대상을 빌드했습니다."
"Message",Low,""
"Message",Low,"""McgReferenceResolveFilePath"" 작업"
"Message",Low,"""McgReferenceResolveFilePath"" 작업을 실행했습니다."
"Message",Low,"""Preparation"" 파일에 ""PreResolveTransforms"" 대상을 빌드했습니다."
"Message",Low,""
"Message",Low,"""ResolveToolchainRequiredAssemblyRoots"" 작업"
"Message",Low,"""ResolveToolchainRequiredAssemblyRoots"" 작업을 실행했습니다."
"Message",Low,"""ILTransformAssemblyClosure"" 작업"
"Message",Low,"""ILTransformAssemblyClosure"" 작업을 실행했습니다."
"Message",Low,"""ResolveToolchainRequiredAssemblyRoots"" 작업"
"Message",Low,"""ResolveToolchainRequiredAssemblyRoots"" 작업을 실행했습니다."
"Message",Low,"""ReducedCopyAssemblyClosure"" 작업"
"Message",Low,"""ReducedCopyAssemblyClosure"" 작업을 실행했습니다."
"Message",Low,"""Preparation"" 파일에 ""ConstructILTransformAssemblyClosure"" 대상을 빌드했습니다."
"Message",Low,"""Preparation"" 프로젝트를 빌드했습니다."
"Message",Low,""
"Message",Low,""
"Message",High,"응용 프로그램 코드 처리"
"Message",Low,"""RunILTransforms"" 작업"
"Message",Normal,"'DumpNativeResources' 변환, 45MB의 힙을 실행하는 중입니다."
"Message",Normal,"'Analysis' 변환, 61MB의 힙을 실행하는 중입니다."
"Message",Low,"110개 모듈을 로드하는 중..."
"Message",Normal,"13 파일에서 가져온 리플렉션 지시문:"
"Message",Normal,"C:\Users\tsop3\gitrepos\ImageScanOCR\src\ImageScanOCR\obj\ARM\Release\ilc\in\Properties\Default.rd.xml"
"Message",Normal,"System.Private.Interop에 포함된 매니페스트: Resources.System.Private.Interop.rd.xml"
"Message",Normal,"System.Private.WinRTInterop.CoreLib에 포함된 매니페스트: Resources.System.Private.WinRTInterop.CoreLib.rd.xml"
"Message",Normal,"System.Runtime.WindowsRuntime.UI.Xaml에 포함된 매니페스트: Resources.System.Runtime.WindowsRuntime.UI.Xaml.rd.xml"
"Message",Normal,"System.Private.CoreLib에 포함된 매니페스트: Resources.System.Private.CoreLib.rd.xml"
"Message",Normal,"System.Private.Uri에 포함된 매니페스트: Resources.System.Private.Uri.rd.xml"
"Message",Normal,"System.Private.Reflection.Core에 포함된 매니페스트: System.Private.Reflection.Core.rd.xml"
"Message",Normal,"System.ComponentModel.Annotations에 포함된 매니페스트: System.ComponentModel.Annotations.Resources.System.ComponentModel.Annotations.rd.xml"
"Message",Normal,"System.Net.Primitives에 포함된 매니페스트: Resources.System.Net.Primitives.rd.xml"
"Message",Normal,"System.ComponentModel.TypeConverter에 포함된 매니페스트: System.ComponentModel.TypeConverter.Resources.System.ComponentModel.TypeConverter.rd.xml"
"Message",Normal,"System.Private.Xml에 포함된 매니페스트: System.Xml.Resources.System.Private.Xml.rd.xml"
"Message",Normal,"System.Runtime.Serialization.Formatters에 포함된 매니페스트: System.Runtime.Serialization.Formatters.Resources.System.Runtime.Serialization.Formatters.rd.xml"
"Message",Normal,"System.Linq.Expressions에 포함된 매니페스트: System.Linq.Expressions.Resources.System.Linq.Expressions.rd.xml"
"Message",Normal,"7 파일에서 가져온 XAML 루트:"
"Message",Normal,"C:\Users\tsop3\gitrepos\ImageScanOCR\src\ImageScanOCR\obj\ARM\Release\ilc\in\ImageScanOCR.xr.xml"
"Message",Normal,"C:\Users\tsop3\gitrepos\ImageScanOCR\src\ImageScanOCR\obj\ARM\Release\ilc\in\Microsoft.Toolkit.Uwp.UI.Controls.Core\Microsoft.Toolkit.Uwp.UI.Controls.Core.xr.xml"
"Message",Normal,"C:\Users\tsop3\gitrepos\ImageScanOCR\src\ImageScanOCR\obj\ARM\Release\ilc\in\Microsoft.Toolkit.Uwp.UI.Controls.DataGrid\Microsoft.Toolkit.Uwp.UI.Controls.DataGrid.xr.xml"
"Message",Normal,"C:\Users\tsop3\gitrepos\ImageScanOCR\src\ImageScanOCR\obj\ARM\Release\ilc\in\Microsoft.Toolkit.Uwp.UI.Controls.Input\Microsoft.Toolkit.Uwp.UI.Controls.Input.xr.xml"
"Message",Normal,"C:\Users\tsop3\gitrepos\ImageScanOCR\src\ImageScanOCR\obj\ARM\Release\ilc\in\Microsoft.Toolkit.Uwp.UI.Controls.Layout\Microsoft.Toolkit.Uwp.UI.Controls.Layout.xr.xml"
"Message",Normal,"C:\Users\tsop3\gitrepos\ImageScanOCR\src\ImageScanOCR\obj\ARM\Release\ilc\in\Microsoft.Toolkit.Uwp.UI.Controls.Markdown\Microsoft.Toolkit.Uwp.UI.Controls.Markdown.xr.xml"
"Message",Normal,"C:\Users\tsop3\gitrepos\ImageScanOCR\src\ImageScanOCR\obj\ARM\Release\ilc\in\Microsoft.Toolkit.Uwp.UI.Controls.Media\Microsoft.Toolkit.Uwp.UI.Controls.Media.xr.xml"
"Message",Normal,"'Mcg' 변환, 327MB의 힙을 실행하는 중입니다."
"Message",High,"응용 프로그램 종료 계산 및 interop 코드 생성"
"Message",High,"  110개 모듈을 로드하는 중..."
"Message",Normal,"          [DllImport(ExactSpelling=true)]가 포함된 P/Invoke 'RhpGetFuncEvalParameterBufferSize'이(가) '[MRT]!RhpGetFuncEvalParameterBufferSize'(으)로 확인되었습니다."
"Message",Normal,"          [DllImport(ExactSpelling=true)]가 포함된 P/Invoke 'RhpGetFuncEvalMode'이(가) '[MRT]!RhpGetFuncEvalMode'(으)로 확인되었습니다."
"Message",Normal,"          [DllImport(ExactSpelling=true)]가 포함된 P/Invoke 'RhpRecordDebuggeeInitiatedHandle'이(가) '[MRT]!RhpRecordDebuggeeInitiatedHandle'(으)로 확인되었습니다."
"Message",Normal,"          [DllImport(ExactSpelling=true)]가 포함된 P/Invoke 'RhpVerifyDebuggerCleanup'이(가) '[MRT]!RhpVerifyDebuggerCleanup'(으)로 확인되었습니다."
"Message",Normal,"          [DllImport(ExactSpelling=true)]가 포함된 P/Invoke 'RhpGetCurrentThread'이(가) '[MRT]!RhpGetCurrentThread'(으)로 확인되었습니다."
"Message",Normal,"          [DllImport(ExactSpelling=true)]가 포함된 P/Invoke 'RhWaitForPendingFinalizers'이(가) '[MRT]!RhWaitForPendingFinalizers'(으)로 확인되었습니다."
"Message",Normal,"          [DllImport(ExactSpelling=true)]가 포함된 P/Invoke 'RhYield'이(가) '[MRT]!RhYield'(으)로 확인되었습니다."
"Message",Normal,"          [DllImport(ExactSpelling=true)]가 포함된 P/Invoke 'RhFlushProcessWriteBuffers'이(가) '[MRT]!RhFlushProcessWriteBuffers'(으)로 확인되었습니다."
"Message",Normal,"          [DllImport(ExactSpelling=true)]가 포함된 P/Invoke 'RhCompatibleReentrantWaitAny'이(가) '[MRT]!RhCompatibleReentrantWaitAny'(으)로 확인되었습니다."
"Message",Normal,"          [DllImport(ExactSpelling=true)]가 포함된 P/Invoke 'RhCallDescrWorker'이(가) '[MRT]!RhCallDescrWorker'(으)로 확인되었습니다."
"Message",Normal,"          [DllImport(ExactSpelling=true)]가 포함된 P/Invoke '_ecvt_s'이(가) '[MRT]!_ecvt_s'(으)로 확인되었습니다."
"Message",Normal,"          [DllImport(ExactSpelling=true)]가 포함된 P/Invoke 'memmove'이(가) '[MRT]!memmove'(으)로 확인되었습니다."
"Message",Normal,"          [DllImport(ExactSpelling=true)]가 포함된 P/Invoke 'memset'이(가) '[MRT]!memset'(으)로 확인되었습니다."
"Message",Normal,"          [DllImport(ExactSpelling=true)]가 포함된 P/Invoke 'CallingConventionConverter_GetStubs'이(가) '*!CallingConventionConverter_GetStubs'(으)로 확인되었습니다."
"Message",Normal,"          [DllImport(ExactSpelling=true)]가 포함된 P/Invoke 'CallingConventionConverter_SpecifyCommonStubData'이(가) '*!CallingConventionConverter_SpecifyCommonStubData'(으)로 확인되었습니다."
"Message",Normal,"          P/Invoke 'WindowsCreateStringReference'이(가) 'SupportedAPIs.xml'의 'WindowsCreateStringReference!api-ms-win-core-winrt-string-l1-1-0.dll'(으)로 확인되었습니다."
"Message",Normal,"          P/Invoke 'GetLastError'이(가) 'SupportedAPIs.xml'의 'GetLastError!api-ms-win-core-errorhandling-l1-1-0.dll'(으)로 확인되었습니다."
"Message",Normal,"          P/Invoke 'SetLastError'이(가) 'SupportedAPIs.xml'의 'SetLastError!api-ms-win-core-errorhandling-l1-1-0.dll'(으)로 확인되었습니다."
"Message",Normal,"          P/Invoke 'RoInitialize'이(가) 'SupportedAPIs.xml'의 'RoInitialize!api-ms-win-core-winrt-l1-1-0.dll'(으)로 확인되었습니다."
"Message",Normal,"          P/Invoke 'IsValidLocaleName'이(가) 'SupportedAPIs.xml'의 'IsValidLocaleName!api-ms-win-core-localization-l1-2-0.dll'(으)로 확인되었습니다."
"Message",Normal,"          P/Invoke 'ResolveLocaleName'이(가) 'SupportedAPIs.xml'의 'ResolveLocaleName!api-ms-win-core-localization-l1-2-0.dll'(으)로 확인되었습니다."
"Message",Normal,"          P/Invoke 'CertDuplicateCertificateContext'이(가) 'SupportedAPIs.xml'의 'CertDuplicateCertificateContext!crypt32.dll'(으)로 확인되었습니다."
"Message",Normal,"          P/Invoke 'CertGetCertificateContextProperty'이(가) 'SupportedAPIs.xml'의 'CertGetCertificateContextProperty!crypt32.dll'(으)로 확인되었습니다."
"Message",Normal,"          P/Invoke 'GetCPInfoExW'이(가) 'SupportedAPIs.xml'의 'GetCPInfoExW!kernel32.dll'(으)로 확인되었습니다."
"Message",Normal,"          P/Invoke 'CryptQueryObject'이(가) 'SupportedAPIs.xml'의 'CryptQueryObject!crypt32.dll'(으)로 확인되었습니다."
"Message",Normal,"          P/Invoke 'CertDuplicateCertificateContext'이(가) 'SupportedAPIs.xml'의 'CertDuplicateCertificateContext!crypt32.dll'(으)로 확인되었습니다."
"Message",Normal,"          P/Invoke 'CertFreeCertificateContext'이(가) 'SupportedAPIs.xml'의 'CertFreeCertificateContext!crypt32.dll'(으)로 확인되었습니다."
"Message",Normal,"          P/Invoke 'CryptMsgGetParam'이(가) 'SupportedAPIs.xml'의 'CryptMsgGetParam!crypt32.dll'(으)로 확인되었습니다."
"Message",Normal,"          P/Invoke 'CryptMsgGetParam'이(가) 'SupportedAPIs.xml'의 'CryptMsgGetParam!crypt32.dll'(으)로 확인되었습니다."
"Message",Normal,"          P/Invoke 'PFXImportCertStore'이(가) 'SupportedAPIs.xml'의 'PFXImportCertStore!crypt32.dll'(으)로 확인되었습니다."
"Message",Normal,"          P/Invoke 'CryptFindOIDInfo'이(가) 'SupportedAPIs.xml'의 'CryptFindOIDInfo!crypt32.dll'(으)로 확인되었습니다."
"Message",Normal,"          P/Invoke 'CoCreateInstance'이(가) 'SupportedAPIs.xml'의 'CoCreateInstance!api-ms-win-core-com-l1-1-0.dll'(으)로 확인되었습니다."
"Message",Normal,"          P/Invoke 'CertGetCertificateContextProperty'이(가) 'SupportedAPIs.xml'의 'CertGetCertificateContextProperty!crypt32.dll'(으)로 확인되었습니다."
"Message",Normal,"          P/Invoke 'CertCloseStore'이(가) 'SupportedAPIs.xml'의 'CertCloseStore!crypt32.dll'(으)로 확인되었습니다."
"Message",Normal,"          P/Invoke 'CryptMsgClose'이(가) 'SupportedAPIs.xml'의 'CryptMsgClose!crypt32.dll'(으)로 확인되었습니다."
"Message",Normal,"          P/Invoke 'CertFindCertificateInStore'이(가) 'SupportedAPIs.xml'의 'CertFindCertificateInStore!crypt32.dll'(으)로 확인되었습니다."
"Message",Normal,"          P/Invoke 'CryptAcquireContextW'이(가) 'SupportedAPIs.xml'의 'CryptAcquireContextW!advapi32.dll'(으)로 확인되었습니다."
"Message",Normal,"          P/Invoke 'CertEnumCertificatesInStore'이(가) 'SupportedAPIs.xml'의 'CertEnumCertificatesInStore!crypt32.dll'(으)로 확인되었습니다."
"Message",Normal,"          P/Invoke 'WSAGetOverlappedResult'이(가) 'SupportedAPIs.xml'의 'WSAGetOverlappedResult!ws2_32.dll'(으)로 확인되었습니다."
"Message",Normal,"          P/Invoke 'SysFreeString'이(가) 'SupportedAPIs.xml'의 'SysFreeString!OleAut32'(으)로 확인되었습니다."
"Message",Normal,"          P/Invoke 'CertGetNameStringW'이(가) 'SupportedAPIs.xml'의 'CertGetNameStringW!crypt32.dll'(으)로 확인되었습니다."
"Message",Normal,"          P/Invoke 'FormatMessageW'이(가) 'SupportedAPIs.xml'의 'FormatMessageW!kernel32.dll'(으)로 확인되었습니다."
"Message",Normal,"          P/Invoke 'CertGetNameStringW'이(가) 'SupportedAPIs.xml'의 'CertGetNameStringW!crypt32.dll'(으)로 확인되었습니다."
"Message",Normal,"          P/Invoke 'NCryptOpenKey'이(가) 'SupportedAPIs.xml'의 'NCryptOpenKey!ncrypt.dll'(으)로 확인되었습니다."
"Message",Normal,"          P/Invoke 'CryptGetKeyParam'이(가) 'SupportedAPIs.xml'의 'CryptGetKeyParam!advapi32.dll'(으)로 확인되었습니다."
"Message",Normal,"          P/Invoke 'setsockopt'이(가) 'SupportedAPIs.xml'의 'setsockopt!ws2_32.dll'(으)로 확인되었습니다."
"Message",Normal,"          P/Invoke 'setsockopt'이(가) 'SupportedAPIs.xml'의 'setsockopt!ws2_32.dll'(으)로 확인되었습니다."
"Message",Normal,"          P/Invoke 'CryptFindOIDInfo'이(가) 'SupportedAPIs.xml'의 'CryptFindOIDInfo!crypt32.dll'(으)로 확인되었습니다."
"Message",Normal,"          P/Invoke 'NCryptDeleteKey'이(가) 'SupportedAPIs.xml'의 'NCryptDeleteKey!ncrypt.dll'(으)로 확인되었습니다."
"Message",Normal,"          P/Invoke 'NCryptOpenStorageProvider'이(가) 'SupportedAPIs.xml'의 'NCryptOpenStorageProvider!ncrypt.dll'(으)로 확인되었습니다."
"Message",Normal,"          P/Invoke 'CertGetCertificateChain'이(가) 'SupportedAPIs.xml'의 'CertGetCertificateChain!crypt32.dll'(으)로 확인되었습니다."
"Message",Normal,"          P/Invoke 'CryptGetDefaultProviderW'이(가) 'SupportedAPIs.xml'의 'CryptGetDefaultProviderW!advapi32.dll'(으)로 확인되었습니다."
"Message",Normal,"          P/Invoke 'CryptAcquireContextW'이(가) 'SupportedAPIs.xml'의 'CryptAcquireContextW!advapi32.dll'(으)로 확인되었습니다."
"Message",Normal,"          P/Invoke 'CryptGetUserKey'이(가) 'SupportedAPIs.xml'의 'CryptGetUserKey!advapi32.dll'(으)로 확인되었습니다."
"Message",Normal,"          P/Invoke 'CertVerifyCertificateChainPolicy'이(가) 'SupportedAPIs.xml'의 'CertVerifyCertificateChainPolicy!crypt32.dll'(으)로 확인되었습니다."
"Message",Normal,"          P/Invoke 'RoGetBufferMarshaler'이(가) 'SupportedAPIs.xml'의 'RoGetBufferMarshaler!api-ms-win-core-winrt-robuffer-l1-1-0.dll'(으)로 확인되었습니다."
"Message",Normal,"          P/Invoke 'CertNameToStrW'이(가) 'SupportedAPIs.xml'의 'CertNameToStrW!crypt32.dll'(으)로 확인되었습니다."
"Message",Normal,"          P/Invoke 'CryptFormatObject'이(가) 'SupportedAPIs.xml'의 'CryptFormatObject!crypt32.dll'(으)로 확인되었습니다."
"Message",Normal,"          P/Invoke 'CertControlStore'이(가) 'SupportedAPIs.xml'의 'CertControlStore!crypt32.dll'(으)로 확인되었습니다."
"Message",Normal,"          P/Invoke 'CertAddCertificateLinkToStore'이(가) 'SupportedAPIs.xml'의 'CertAddCertificateLinkToStore!crypt32.dll'(으)로 확인되었습니다."
"Message",Normal,"          P/Invoke 'CryptGetProvParam'이(가) 'SupportedAPIs.xml'의 'CryptGetProvParam!advapi32.dll'(으)로 확인되었습니다."
"Message",Normal,"          P/Invoke 'CryptDestroyKey'이(가) 'SupportedAPIs.xml'의 'CryptDestroyKey!advapi32.dll'(으)로 확인되었습니다."
"Message",Normal,"          P/Invoke 'CryptFormatObject'이(가) 'SupportedAPIs.xml'의 'CryptFormatObject!crypt32.dll'(으)로 확인되었습니다."
"Message",Normal,"          P/Invoke 'GetNetworkParams'이(가) 'SupportedAPIs.xml'의 'GetNetworkParams!iphlpapi.dll'(으)로 확인되었습니다."
"Message",Normal,"          P/Invoke 'LocalAlloc'이(가) 'SupportedAPIs.xml'의 'LocalAlloc!kernel32.dll'(으)로 확인되었습니다."
"Message",Normal,"          P/Invoke 'CertOpenStore'이(가) 'SupportedAPIs.xml'의 'CertOpenStore!crypt32.dll'(으)로 확인되었습니다."
"Message",Normal,"          P/Invoke 'CryptImportPublicKeyInfoEx2'이(가) 'SupportedAPIs.xml'의 'CryptImportPublicKeyInfoEx2!crypt32.dll'(으)로 확인되었습니다."
"Message",Normal,"          P/Invoke 'BCryptExportKey'이(가) 'SupportedAPIs.xml'의 'BCryptExportKey!BCrypt.dll'(으)로 확인되었습니다."
"Message",Normal,"          P/Invoke 'CryptDecodeObject'이(가) 'SupportedAPIs.xml'의 'CryptDecodeObject!crypt32.dll'(으)로 확인되었습니다."
"Message",Normal,"          P/Invoke 'CertFreeCertificateChain'이(가) 'SupportedAPIs.xml'의 'CertFreeCertificateChain!crypt32.dll'(으)로 확인되었습니다."
"Message",Normal,"          P/Invoke 'CryptReleaseContext'이(가) 'SupportedAPIs.xml'의 'CryptReleaseContext!advapi32.dll'(으)로 확인되었습니다."
"Message",Normal,"          P/Invoke 'NCryptFreeObject'이(가) 'SupportedAPIs.xml'의 'NCryptFreeObject!ncrypt.dll'(으)로 확인되었습니다."
"Message",Normal,"          P/Invoke 'LocalFree'이(가) 'SupportedAPIs.xml'의 'LocalFree!kernel32.dll'(으)로 확인되었습니다."
"Message",Normal,"          P/Invoke 'FormatMessageW'이(가) 'SupportedAPIs.xml'의 'FormatMessageW!kernel32.dll'(으)로 확인되었습니다."
"Message",Normal,"          P/Invoke 'BCryptGetProperty'이(가) 'SupportedAPIs.xml'의 'BCryptGetProperty!BCrypt.dll'(으)로 확인되었습니다."
"Message",Normal,"          P/Invoke 'NCryptImportKey'이(가) 'SupportedAPIs.xml'의 'NCryptImportKey!ncrypt.dll'(으)로 확인되었습니다."
"Message",Normal,"          P/Invoke 'NCryptGetProperty'이(가) 'SupportedAPIs.xml'의 'NCryptGetProperty!ncrypt.dll'(으)로 확인되었습니다."
"Message",Normal,"          P/Invoke 'CryptImportKey'이(가) 'SupportedAPIs.xml'의 'CryptImportKey!advapi32.dll'(으)로 확인되었습니다."
"Message",Normal,"          P/Invoke 'CryptSetProvParam'이(가) 'SupportedAPIs.xml'의 'CryptSetProvParam!advapi32.dll'(으)로 확인되었습니다."
"Message",Normal,"          P/Invoke 'CertFindExtension'이(가) 'SupportedAPIs.xml'의 'CertFindExtension!crypt32.dll'(으)로 확인되었습니다."
"Message",Normal,"          P/Invoke 'CertGetValidUsages'이(가) 'SupportedAPIs.xml'의 'CertGetValidUsages!crypt32.dll'(으)로 확인되었습니다."
"Message",Normal,"          P/Invoke 'CertGetIntendedKeyUsage'이(가) 'SupportedAPIs.xml'의 'CertGetIntendedKeyUsage!crypt32.dll'(으)로 확인되었습니다."
"Message",Normal,"          P/Invoke 'BCryptDestroyKey'이(가) 'SupportedAPIs.xml'의 'BCryptDestroyKey!BCrypt.dll'(으)로 확인되었습니다."
"Message",Normal,"          P/Invoke 'FormatMessageW'이(가) 'SupportedAPIs.xml'의 'FormatMessageW!kernel32.dll'(으)로 확인되었습니다."
"Message",Normal,"          P/Invoke 'NCryptSetProperty'이(가) 'SupportedAPIs.xml'의 'NCryptSetProperty!ncrypt.dll'(으)로 확인되었습니다."
"Message",Normal,"          P/Invoke 'CryptDecodeObject'이(가) 'SupportedAPIs.xml'의 'CryptDecodeObject!crypt32.dll'(으)로 확인되었습니다."
"Message",Normal,"          P/Invoke 'CryptSetProvParam'이(가) 'SupportedAPIs.xml'의 'CryptSetProvParam!advapi32.dll'(으)로 확인되었습니다."
"Message",Normal,"          P/Invoke 'CertVerifyTimeValidity'이(가) 'SupportedAPIs.xml'의 'CertVerifyTimeValidity!crypt32.dll'(으)로 확인되었습니다."
"Message",Normal,"          P/Invoke 'FormatMessageW'이(가) 'SupportedAPIs.xml'의 'FormatMessageW!kernel32.dll'(으)로 확인되었습니다."
"Message",Normal,"          P/Invoke 'CryptFindOIDInfo'이(가) 'SupportedAPIs.xml'의 'CryptFindOIDInfo!crypt32.dll'(으)로 확인되었습니다."
"Message",Normal,"          P/Invoke 'CryptGenKey'이(가) 'SupportedAPIs.xml'의 'CryptGenKey!advapi32.dll'(으)로 확인되었습니다."
"Message",Normal,"          P/Invoke 'BCryptCreateHash'이(가) 'SupportedAPIs.xml'의 'BCryptCreateHash!BCrypt.dll'(으)로 확인되었습니다."
"Message",Normal,"          P/Invoke 'BCryptGetProperty'이(가) 'SupportedAPIs.xml'의 'BCryptGetProperty!BCrypt.dll'(으)로 확인되었습니다."
"Message",Normal,"          P/Invoke 'BCryptOpenAlgorithmProvider'이(가) 'SupportedAPIs.xml'의 'BCryptOpenAlgorithmProvider!BCrypt.dll'(으)로 확인되었습니다."
"Message",Normal,"          P/Invoke 'BCryptCloseAlgorithmProvider'이(가) 'SupportedAPIs.xml'의 'BCryptCloseAlgorithmProvider!BCrypt.dll'(으)로 확인되었습니다."
"Message",Normal,"          P/Invoke 'BCryptDestroyHash'이(가) 'SupportedAPIs.xml'의 'BCryptDestroyHash!BCrypt.dll'(으)로 확인되었습니다."
"Message",Normal,"          P/Invoke 'BCryptGenRandom'이(가) 'SupportedAPIs.xml'의 'BCryptGenRandom!BCrypt.dll'(으)로 확인되었습니다."
"Message",Normal,"          P/Invoke 'FormatMessageW'이(가) 'SupportedAPIs.xml'의 'FormatMessageW!kernel32.dll'(으)로 확인되었습니다."
"Message",Normal,"          P/Invoke 'getsockname'이(가) 'SupportedAPIs.xml'의 'getsockname!ws2_32.dll'(으)로 확인되었습니다."
"Message",Normal,"          P/Invoke 'getpeername'이(가) 'SupportedAPIs.xml'의 'getpeername!ws2_32.dll'(으)로 확인되었습니다."
"Message",Normal,"          P/Invoke 'WSAStartup'이(가) 'SupportedAPIs.xml'의 'WSAStartup!ws2_32.dll'(으)로 확인되었습니다."
"Message",Normal,"          P/Invoke 'select'이(가) 'SupportedAPIs.xml'의 'select!ws2_32.dll'(으)로 확인되었습니다."
"Message",Normal,"          P/Invoke 'select'이(가) 'SupportedAPIs.xml'의 'select!ws2_32.dll'(으)로 확인되었습니다."
"Message",Normal,"          P/Invoke 'ioctlsocket'이(가) 'SupportedAPIs.xml'의 'ioctlsocket!ws2_32.dll'(으)로 확인되었습니다."
"Message",Normal,"          P/Invoke 'shutdown'이(가) 'SupportedAPIs.xml'의 'shutdown!ws2_32.dll'(으)로 확인되었습니다."
"Message",Normal,"          P/Invoke 'setsockopt'이(가) 'SupportedAPIs.xml'의 'setsockopt!ws2_32.dll'(으)로 확인되었습니다."
"Message",Normal,"          P/Invoke 'recv'이(가) 'SupportedAPIs.xml'의 'recv!ws2_32.dll'(으)로 확인되었습니다."
"Message",Normal,"          P/Invoke 'WSAIoctl'이(가) 'SupportedAPIs.xml'의 'WSAIoctl!ws2_32.dll'(으)로 확인되었습니다."
"Message",Normal,"          P/Invoke 'RevertToSelf'이(가) 'SupportedAPIs.xml'의 'RevertToSelf!advapi32.dll'(으)로 확인되었습니다."
"Message",Normal,"          P/Invoke 'ImpersonateLoggedOnUser'이(가) 'SupportedAPIs.xml'의 'ImpersonateLoggedOnUser!advapi32.dll'(으)로 확인되었습니다."
"Message",Normal,"          P/Invoke 'GetAddrInfoW'이(가) 'SupportedAPIs.xml'의 'GetAddrInfoW!ws2_32.dll'(으)로 확인되었습니다."
"Message",Normal,"          P/Invoke 'WSASocketW'이(가) 'SupportedAPIs.xml'의 'WSASocketW!ws2_32.dll'(으)로 확인되었습니다."
"Message",Normal,"          P/Invoke 'closesocket'이(가) 'SupportedAPIs.xml'의 'closesocket!ws2_32.dll'(으)로 확인되었습니다."
"Message",Normal,"          P/Invoke 'WSASocketW'이(가) 'SupportedAPIs.xml'의 'WSASocketW!ws2_32.dll'(으)로 확인되었습니다."
"Message",Normal,"          P/Invoke 'WSAConnect'이(가) 'SupportedAPIs.xml'의 'WSAConnect!ws2_32.dll'(으)로 확인되었습니다."
"Message",Normal,"          P/Invoke 'listen'이(가) 'SupportedAPIs.xml'의 'listen!ws2_32.dll'(으)로 확인되었습니다."
"Message",Normal,"          P/Invoke 'GetTokenInformation'이(가) 'SupportedAPIs.xml'의 'GetTokenInformation!advapi32.dll'(으)로 확인되었습니다."
"Message",Normal,"          P/Invoke 'LocalAlloc'이(가) 'SupportedAPIs.xml'의 'LocalAlloc!kernel32.dll'(으)로 확인되었습니다."
"Message",Normal,"          P/Invoke 'GetCurrentThread'이(가) 'SupportedAPIs.xml'의 'GetCurrentThread!kernel32.dll'(으)로 확인되었습니다."
"Message",Normal,"          P/Invoke 'OpenThreadToken'이(가) 'SupportedAPIs.xml'의 'OpenThreadToken!advapi32.dll'(으)로 확인되었습니다."
"Message",Normal,"          P/Invoke 'GetCurrentProcess'이(가) 'SupportedAPIs.xml'의 'GetCurrentProcess!kernel32.dll'(으)로 확인되었습니다."
"Message",Normal,"          P/Invoke 'OpenProcessToken'이(가) 'SupportedAPIs.xml'의 'OpenProcessToken!advapi32.dll'(으)로 확인되었습니다."
"Message",Normal,"          P/Invoke 'bind'이(가) 'SupportedAPIs.xml'의 'bind!ws2_32.dll'(으)로 확인되었습니다."
"Message",Normal,"          P/Invoke 'getsockopt'이(가) 'SupportedAPIs.xml'의 'getsockopt!ws2_32.dll'(으)로 확인되었습니다."
"Message",Normal,"          P/Invoke 'send'이(가) 'SupportedAPIs.xml'의 'send!ws2_32.dll'(으)로 확인되었습니다."
"Message",Normal,"          P/Invoke 'CloseHandle'이(가) 'SupportedAPIs.xml'의 'CloseHandle!kernel32.dll'(으)로 확인되었습니다."
"Message",Normal,"          P/Invoke 'freeaddrinfo'이(가) 'SupportedAPIs.xml'의 'freeaddrinfo!ws2_32.dll'(으)로 확인되었습니다."
"Message",Normal,"          P/Invoke 'LocalFree'이(가) 'SupportedAPIs.xml'의 'LocalFree!kernel32.dll'(으)로 확인되었습니다."
"Message",Normal,"          P/Invoke 'FreeAddrInfoExW'이(가) 'SupportedAPIs.xml'의 'FreeAddrInfoExW!ws2_32.dll'(으)로 확인되었습니다."
"Message",Normal,"          P/Invoke 'WSASocketW'이(가) 'SupportedAPIs.xml'의 'WSASocketW!ws2_32.dll'(으)로 확인되었습니다."
"Message",Normal,"          P/Invoke 'closesocket'이(가) 'SupportedAPIs.xml'의 'closesocket!ws2_32.dll'(으)로 확인되었습니다."
"Message",Normal,"          P/Invoke 'gethostname'이(가) 'SupportedAPIs.xml'의 'gethostname!ws2_32.dll'(으)로 확인되었습니다."
"Message",Normal,"          P/Invoke 'getsockopt'이(가) 'SupportedAPIs.xml'의 'getsockopt!ws2_32.dll'(으)로 확인되었습니다."
"Message",Normal,"          P/Invoke 'getsockopt'이(가) 'SupportedAPIs.xml'의 'getsockopt!ws2_32.dll'(으)로 확인되었습니다."
"Message",Normal,"          P/Invoke 'getsockopt'이(가) 'SupportedAPIs.xml'의 'getsockopt!ws2_32.dll'(으)로 확인되었습니다."
"Message",Normal,"          P/Invoke 'ioctlsocket'이(가) 'SupportedAPIs.xml'의 'ioctlsocket!ws2_32.dll'(으)로 확인되었습니다."
"Message",Normal,"          P/Invoke 'setsockopt'이(가) 'SupportedAPIs.xml'의 'setsockopt!ws2_32.dll'(으)로 확인되었습니다."
"Message",Normal,"          P/Invoke 'LsaGetLogonSessionData'이(가) 'SupportedAPIs.xml'의 'LsaGetLogonSessionData!sspicli.dll'(으)로 확인되었습니다."
"Message",Normal,"          P/Invoke 'LsaNtStatusToWinError'이(가) 'SupportedAPIs.xml'의 'LsaNtStatusToWinError!advapi32.dll'(으)로 확인되었습니다."
"Message",Normal,"          P/Invoke 'DuplicateTokenEx'이(가) 'SupportedAPIs.xml'의 'DuplicateTokenEx!advapi32.dll'(으)로 확인되었습니다."
"Message",Normal,"          P/Invoke 'CheckTokenMembershipEx'이(가) 'SupportedAPIs.xml'의 'CheckTokenMembershipEx!kernel32.dll'(으)로 확인되었습니다."
"Message",Normal,"          P/Invoke 'LsaFreeReturnBuffer'이(가) 'SupportedAPIs.xml'의 'LsaFreeReturnBuffer!sspicli.dll'(으)로 확인되었습니다."
"Message",Normal,"          P/Invoke 'accept'이(가) 'SupportedAPIs.xml'의 'accept!ws2_32.dll'(으)로 확인되었습니다."
"Message",Normal,"          P/Invoke 'GetAddrInfoExW'이(가) 'SupportedAPIs.xml'의 'GetAddrInfoExW!ws2_32.dll'(으)로 확인되었습니다."
"Message",Normal,"          P/Invoke 'WSARecv'이(가) 'SupportedAPIs.xml'의 'WSARecv!ws2_32.dll'(으)로 확인되었습니다."
"Message",Normal,"          P/Invoke 'WSASend'이(가) 'SupportedAPIs.xml'의 'WSASend!ws2_32.dll'(으)로 확인되었습니다."
"Message",Normal,"          P/Invoke 'GetTokenInformation'이(가) 'SupportedAPIs.xml'의 'GetTokenInformation!advapi32.dll'(으)로 확인되었습니다."
"Message",Normal,"          P/Invoke 'DuplicateHandle'이(가) 'SupportedAPIs.xml'의 'DuplicateHandle!kernel32.dll'(으)로 확인되었습니다."
"Message",Normal,"          P/Invoke 'LsaLookupSids'이(가) 'SupportedAPIs.xml'의 'LsaLookupSids!advapi32.dll'(으)로 확인되었습니다."
"Message",Normal,"          P/Invoke 'LsaLookupNames2'이(가) 'SupportedAPIs.xml'의 'LsaLookupNames2!advapi32.dll'(으)로 확인되었습니다."
"Message",Normal,"          P/Invoke 'LsaOpenPolicy'이(가) 'SupportedAPIs.xml'의 'LsaOpenPolicy!advapi32.dll'(으)로 확인되었습니다."
"Message",Normal,"          P/Invoke 'LsaClose'이(가) 'SupportedAPIs.xml'의 'LsaClose!advapi32.dll'(으)로 확인되었습니다."
"Message",Normal,"          P/Invoke 'LsaFreeMemory'이(가) 'SupportedAPIs.xml'의 'LsaFreeMemory!advapi32.dll'(으)로 확인되었습니다."
"Message",Normal,"          P/Invoke 'GetNameInfoW'이(가) 'SupportedAPIs.xml'의 'GetNameInfoW!ws2_32.dll'(으)로 확인되었습니다."
"Message",Normal,"          P/Invoke 'CertVerifyCertificateChainPolicy'이(가) 'SupportedAPIs.xml'의 'CertVerifyCertificateChainPolicy!crypt32.dll'(으)로 확인되었습니다."
"Message",Normal,"          P/Invoke 'CertEnumCertificatesInStore'이(가) 'SupportedAPIs.xml'의 'CertEnumCertificatesInStore!crypt32.dll'(으)로 확인되었습니다."
"Message",Normal,"          P/Invoke 'SetFileCompletionNotificationModes'이(가) 'SupportedAPIs.xml'의 'SetFileCompletionNotificationModes!kernel32.dll'(으)로 확인되었습니다."
"Message",Normal,"          P/Invoke 'CertFreeCertificateContext'이(가) 'SupportedAPIs.xml'의 'CertFreeCertificateContext!crypt32.dll'(으)로 확인되었습니다."
"Message",Normal,"          P/Invoke 'EncryptMessage'이(가) 'SupportedAPIs.xml'의 'EncryptMessage!sspicli.dll'(으)로 확인되었습니다."
"Message",Normal,"          P/Invoke 'DecryptMessage'이(가) 'SupportedAPIs.xml'의 'DecryptMessage!sspicli.dll'(으)로 확인되었습니다."
"Message",Normal,"          P/Invoke 'EnumerateSecurityPackagesW'이(가) 'SupportedAPIs.xml'의 'EnumerateSecurityPackagesW!sspicli.dll'(으)로 확인되었습니다."
"Message",Normal,"          P/Invoke 'QueryContextAttributesW'이(가) 'SupportedAPIs.xml'의 'QueryContextAttributesW!sspicli.dll'(으)로 확인되었습니다."
"Message",Normal,"          P/Invoke 'ApplyControlToken'이(가) 'SupportedAPIs.xml'의 'ApplyControlToken!sspicli.dll'(으)로 확인되었습니다."
"Message",Normal,"          P/Invoke 'FreeContextBuffer'이(가) 'SupportedAPIs.xml'의 'FreeContextBuffer!sspicli.dll'(으)로 확인되었습니다."
"Message",Normal,"          P/Invoke 'AcceptSecurityContext'이(가) 'SupportedAPIs.xml'의 'AcceptSecurityContext!sspicli.dll'(으)로 확인되었습니다."
"Message",Normal,"          P/Invoke 'DeleteSecurityContext'이(가) 'SupportedAPIs.xml'의 'DeleteSecurityContext!sspicli.dll'(으)로 확인되었습니다."
"Message",Normal,"          P/Invoke 'InitializeSecurityContextW'이(가) 'SupportedAPIs.xml'의 'InitializeSecurityContextW!sspicli.dll'(으)로 확인되었습니다."
"Message",Normal,"          P/Invoke 'AcquireCredentialsHandleW'이(가) 'SupportedAPIs.xml'의 'AcquireCredentialsHandleW!sspicli.dll'(으)로 확인되었습니다."
"Message",Normal,"          P/Invoke 'FreeCredentialsHandle'이(가) 'SupportedAPIs.xml'의 'FreeCredentialsHandle!sspicli.dll'(으)로 확인되었습니다."
"Message",High,"  코드를 생성하고 있습니다."
"Message",High,"  생성되는 Interop 코드입니다."
"Message",Normal,"  AssemblyInfo.g.cs에 쓰인 코드입니다."
"Message",Normal,"  Adapters.g.cs에 쓰인 코드입니다."
"Message",Normal,"  Data.g.cs에 쓰인 코드입니다."
"Message",Normal,"  Helpers.g.cs에 쓰인 코드입니다."
"Message",Normal,"  ImplTypes.g.cs에 쓰인 코드입니다."
"Message",Normal,"  PInvoke.g.cs에 쓰인 코드입니다."
"Message",Normal,"  SafeTypes.g.cs에 쓰인 코드입니다."
"Message",Normal,"  SharedStubs.g.cs에 쓰인 코드입니다."
"Message",Normal,"'GenerateCodeAndCompile' 변환, 438MB의 힙을 실행하는 중입니다."
"Message",High,"interop 코드 컴파일 중"
"Message",Normal,"생성된 소스 코드를 컴파일하는 중: C:\Program Files (x86)\Microsoft SDKs\UWPNuGetPackages\microsoft.net.native.compiler\2.2.10-rel-29722-00\tools\csc\csc.exe /noconfig @""C:\Users\tsop3\gitrepos\ImageScanOCR\src\ImageScanOCR\obj\ARM\Release\ilc\intermediate\ImageScanOCR.McgInterop.rsp"""
"Message",High,"System.Reflection.DispatchProxy 프록시 코드를 생성하고 있습니다."
"Message",Normal,"'ReducedCopyInitialize' 변환, 438MB의 힙을 실행하는 중입니다."
"Message",Normal,"'ReducedCopyEmptyTypes' 변환, 393MB의 힙을 실행하는 중입니다."
"Message",Normal,"'ReducedCopyPopulateTypes' 변환, 284MB의 힙을 실행하는 중입니다."
"Message",Normal,"'ReducedCopyLateMetadata' 변환, 347MB의 힙을 실행하는 중입니다."
"Message",Normal,"'ReducedCopyPassResourcesToMutableAssembly' 변환, 371MB의 힙을 실행하는 중입니다."
"Message",Normal,"'ReducedCopyMethodBodies' 변환, 372MB의 힙을 실행하는 중입니다."
"Message",Normal,"'ReducedCopyComplete' 변환, 429MB의 힙을 실행하는 중입니다."
"Message",Normal,"'ReducedCopyCleanup' 변환, 482MB의 힙을 실행하는 중입니다."
"Message",Normal,"'DeveloperExperienceModeOnlyCodeRemover' 변환, 482MB의 힙을 실행하는 중입니다."
"Message",Normal,"'ComImportDetector' 변환, 482MB의 힙을 실행하는 중입니다."
"Message",Normal,"'McgAccessor' 변환, 482MB의 힙을 실행하는 중입니다."
"Message",Normal,"'McgRedirect' 변환, 487MB의 힙을 실행하는 중입니다."
"Message",Normal,"'McgRedirect' 변환, 495MB의 힙을 실행하는 중입니다."
"Message",Normal,"'McgTypeOf' 변환, 498MB의 힙을 실행하는 중입니다."
"Message",Normal,"'EventSource' 변환, 512MB의 힙을 실행하는 중입니다."
"Message",Normal,"'ValueType' 변환, 512MB의 힙을 실행하는 중입니다."
"Message",Normal,"'Attribute' 변환, 513MB의 힙을 실행하는 중입니다."
"Message",Normal,"'GetType' 변환, 513MB의 힙을 실행하는 중입니다."
"Message",Normal,"'McgFixups' 변환, 515MB의 힙을 실행하는 중입니다."
"Message",Normal,"'ResourceManagerCtor' 변환, 518MB의 힙을 실행하는 중입니다."
"Message",Normal,"'TypeofTypeHandle' 변환, 518MB의 힙을 실행하는 중입니다."
"Message",Normal,"'DispatchProxyIntrinsics' 변환, 534MB의 힙을 실행하는 중입니다."
"Message",Normal,"'StaticInitData' 변환, 535MB의 힙을 실행하는 중입니다."
"Message",Normal,"'Delegate' 변환, 494MB의 힙을 실행하는 중입니다."
"Message",Normal,"'LazyGenerics' 변환, 496MB의 힙을 실행하는 중입니다."
"Message",Normal,"'AddReflectionBlockedAttributes' 변환, 539MB의 힙을 실행하는 중입니다."
"Message",Normal,"'DisableOptimization' 변환, 539MB의 힙을 실행하는 중입니다."
"Message",Normal,"'ResourceExtractor' 변환, 539MB의 힙을 실행하는 중입니다."
"Message",Normal,"'CreateMetadata' 변환, 540MB의 힙을 실행하는 중입니다."
"Message",Normal,"'StartupCodeInjector' 변환, 236MB의 힙을 실행하는 중입니다."
"Message",Normal,"'SaveRVAStatics' 변환, 236MB의 힙을 실행하는 중입니다."
"Message",Normal,"'ReflectionInvoke' 변환, 238MB의 힙을 실행하는 중입니다."
"Message",Normal,"'ScrubOpenCalls' 변환, 243MB의 힙을 실행하는 중입니다."
"Message",Normal,"'ConvertCatchIntoFilter' 변환, 243MB의 힙을 실행하는 중입니다."
"Message",Normal,"'ReflectionMappingInfoEmit' 변환, 243MB의 힙을 실행하는 중입니다."
"Message",Normal,"'ReflectionIntrinsics' 변환, 250MB의 힙을 실행하는 중입니다."
"Message",Normal,"'ConvertManagedWinMD' 변환, 250MB의 힙을 실행하는 중입니다."
"Message",Normal,"'DebuggerGuidedStepThroughJmc' 변환, 250MB의 힙을 실행하는 중입니다."
"Message",Normal,"'Reducer' 변환, 261MB의 힙을 실행하는 중입니다."
"Message",High,"참조되지 않은 코드 정리 중"
"Message",Normal,"'WriteAssemblies' 변환, 268MB의 힙을 실행하는 중입니다."
"Message",Normal,""
"Message",Normal,"변환 요약"
"Message",Normal,"    ms | 힙 델타 | 이름"
"Message",Normal," 28175 |        266 | Analysis"
"Message",Normal," 13606 |          0 | GenerateCodeAndCompile"
"Message",Normal,"  6042 |        -45 | WriteAssemblies"
"Message",Normal,"  4946 |          7 | Reducer"
"Message",Normal,"  4902 |        111 | Mcg"
"Message",Normal,"  2028 |       -304 | CreateMetadata"
"Message",Normal,"  1464 |         57 | ReducedCopyMethodBodies"
"Message",Normal,"  1404 |         63 | ReducedCopyPopulateTypes"
"Message",Normal,"  1112 |        -45 | ReducedCopyInitialize"
"Message",Normal,"  1023 |         24 | ReducedCopyLateMetadata"
"Message",Normal,"   723 |         53 | ReducedCopyComplete"
"Message",Normal,"   677 |        -41 | StaticInitData"
"Message",Normal,"   471 |         43 | LazyGenerics"
"Message",Normal,"   413 |          8 | McgRedirect"
"Message",Normal,"   395 |         14 | McgTypeOf"
"Message",Normal,"   394 |       -109 | ReducedCopyEmptyTypes"
"Message",Normal,"   365 |         16 | DumpNativeResources"
"Message",Normal,"   270 |         16 | TypeofTypeHandle"
"Message",Normal,"   238 |          3 | McgRedirect"
"Message",Normal,"   137 |          2 | SaveRVAStatics"
"Message",Normal,"    74 |         11 | DebuggerGuidedStepThroughJmc"
"Message",Normal,"    71 |          2 | GetType"
"Message",Normal,"    61 |          1 | ResourceExtractor"
"Message",Normal,"    50 |          3 | McgFixups"
"Message",Normal,"    43 |          1 | DispatchProxyIntrinsics"
"Message",Normal,"    40 |          5 | McgAccessor"
"Message",Normal,"    39 |          0 | ScrubOpenCalls"
"Message",Normal,"    34 |          0 | ReflectionIntrinsics"
"Message",Normal,"    30 |          5 | ReflectionInvoke"
"Message",Normal,"    18 |          7 | ReflectionMappingInfoEmit"
"Message",Normal,"    16 |          2 | Delegate"
"Message",Normal,"    15 |          0 | ConvertCatchIntoFilter"
"Message",Normal,"    12 |          0 | EventSource"
"Message",Normal,"    12 |          0 | Attribute"
"Message",Normal,"     6 |          0 | AddReflectionBlockedAttributes"
"Message",Normal,"     5 |          0 | ReducedCopyCleanup"
"Message",Normal,"     4 |          1 | ValueType"
"Message",Normal,"     4 |          1 | ReducedCopyPassResourcesToMutableAssembly"
"Message",Normal,"     1 |          0 | StartupCodeInjector"
"Message",Normal,"     1 |          0 | ResourceManagerCtor"
"Message",Normal,"     0 |          0 | DeveloperExperienceModeOnlyCodeRemover"
"Message",Normal,"     0 |          0 | ComImportDetector"
"Message",Normal,"     0 |          0 | ConvertManagedWinMD"
"Message",Normal,"     0 |          0 | DisableOptimization"
"Message",Low,"""RunILTransforms"" 작업을 실행했습니다."
"Message",Low,"""ILTransforms"" 파일에 ""RunILTransforms"" 대상을 빌드했습니다."
"Message",Low,"""ILTransforms"" 프로젝트를 빌드했습니다."
"Message",Low,""
"Message",Low,""
"Message",Low,"""Nutc"" 파일에 ""GenerateMDIL"" 대상을 빌드했습니다."
"Message",Low,""
"Message",High,"네이티브 코드를 생성하는 중"
"Message",Low,"""Nutc"" 파일에 ""MDILPrepareMultiFile"" 대상을 빌드했습니다."
"Message",Low,""
"Message",Low,"""Nutc"" 파일에 ""SetBinaryForReferences"" 대상을 빌드했습니다."
"Message",Low,""
"Message",Low,"""GenerateMDILGlobalAnalysis"" 작업"
"Message",Normal,"'C:\Program Files (x86)\Microsoft SDKs\UWPNuGetPackages\runtime.win10-arm.microsoft.net.native.compiler\2.2.10-rel-29722-00\tools\ARM\ilc\Tools\nutc_driver.exe @""C:\Users\tsop3\gitrepos\ImageScanOCR\src\ImageScanOCR\obj\ARM\Release\ilc\intermediate\MDIL\ImageScanOCR.rsp""'을(를) 시작하는 중"
"Message",Low,"Microsoft (R) MDIL Compiler - Version 2.2.29722.00"
"Message",Low,"Copyright (c) Microsoft Corporation.  All rights reserved."
"Message",Low,"입력 형식을 검사하는 중"
"Message",Low,"23238개 메서드를 검사하는 중입니다."
"Message",Low,"15655개 메서드를 검사하는 중입니다."
"Message",Low,"9615개 메서드를 검사하는 중입니다."
"Message",Low,"4461개 메서드를 검사하는 중입니다."
"Message",Low,"3019개 메서드를 검사하는 중입니다."
"Message",Low,"1837개 메서드를 검사하는 중입니다."
"Message",Low,"985개 메서드를 검사하는 중입니다."
"Message",Low,"957개 메서드를 검사하는 중입니다."
"Message",Low,"665개 메서드를 검사하는 중입니다."
"Message",Low,"529개 메서드를 검사하는 중입니다."
"Message",Low,"498개 메서드를 검사하는 중입니다."
"Message",Low,"510개 메서드를 검사하는 중입니다."
"Message",Low,"329개 메서드를 검사하는 중입니다."
"Message",Low,"303개 메서드를 검사하는 중입니다."
"Message",Low,"223개 메서드를 검사하는 중입니다."
"Message",Low,"100개 메서드를 검사하는 중입니다."
"Message",Low,"44개 메서드를 검사하는 중입니다."
"Message",Low,"75개 메서드를 검사하는 중입니다."
"Message",Low,"52개 메서드를 검사하는 중입니다."
"Message",Low,"23개 메서드를 검사하는 중입니다."
"Message",Low,"6개 메서드를 검사하는 중입니다."
"Message",Low,"즉시 코드 생성"
"Message",Low,"63124개 메서드를 컴파일하는 중입니다."
"Message",Low,"지연된 코드 생성"
"Message",Low,"관리되는 메서드 Initialize 호출 성공; 종료 코드: 0 CTL을 생성하는 중입니다.스택 추적 메타데이터 통계"
"Message",Low,"내보낸 메서드 수:   27349"
"Message",Low,"메타데이터 Blob 크기:          713461"
"Message",Low,"메서드 RVA - 토큰 맵 크기: 218792"
"Message",Low,"총 원시 크기:           932253"
"Message",Low,"'C:\Users\tsop3\gitrepos\ImageScanOCR\src\ImageScanOCR\obj\ARM\Release\ilc\intermediate\MDIL\ImageScanOCR.mdilexe'을(를) 생성했습니다."
"Message",Low,"'C:\Users\tsop3\gitrepos\ImageScanOCR\src\ImageScanOCR\obj\ARM\Release\ilc\intermediate\MDIL\ImageScanOCR.mdilpdb'을(를) 생성했습니다."
"Message",Low,"MDIL 코드로 컴파일되었습니다."
"Message",Normal,"'C:\Program Files (x86)\Microsoft SDKs\UWPNuGetPackages\runtime.win10-arm.microsoft.net.native.compiler\2.2.10-rel-29722-00\tools\ARM\ilc\Tools\nutc_driver.exe @""C:\Users\tsop3\gitrepos\ImageScanOCR\src\ImageScanOCR\obj\ARM\Release\ilc\intermediate\MDIL\ImageScanOCR.rsp""'이(가) 완료되었습니다."
"Message",Normal,"프로세스 실행 통계(밀리초 단위의 모든 시간)"
"Message",Normal,"-----------------------------------------------------------------------------"
"Message",Normal,"실행  |  시작   |   중지   |   종료    | 기간 | 수명 | [슬롯] 이름"
"Message",Normal,"-----------------------------------------------------------------------------"
"Message",Normal,"       0 |       15 |    95750 |    95750 |    95735 |    95750 | [0] Nutc GlobalAnalysis"
"Message",Normal,"명령 수:      1"
"Message",Normal,"총 시스템 시간:       95750ms"
"Message",Normal,"명령당 시스템 시간: 95750ms"
"Message",Normal,"총 기간:          95735ms"
"Message",Normal,"총 수명:          95750ms"
"Message",Normal,"요청된 DOP:           8"
"Message",Normal,"기간 DOP:            1.0"
"Message",Normal,"수명 DOP:            1.0"
"Message",Low,"""GenerateMDILGlobalAnalysis"" 작업을 실행했습니다."
"Message",Low,"""Nutc"" 파일에 ""GenerateMDILGlobalAnalysis"" 대상을 빌드했습니다."
"Message",Low,""
"Message",Low,"""rc"" 작업"
"Message",Normal,"'C:\Program Files (x86)\Windows Kits\10\bin\10.0.19041.0\x64\rc.exe /c ""65001"" /r /fo ""C:\Users\tsop3\gitrepos\ImageScanOCR\src\ImageScanOCR\obj\ARM\Release\ilc\intermediate\BuildInfo\BuildInfo.res"" ""C:\Users\tsop3\gitrepos\ImageScanOCR\src\ImageScanOCR\obj\ARM\Release\ilc\intermediate\BuildInfo\BuildInfo.rc""'을(를) 시작하는 중"
"Message",Low,"Microsoft (R) Windows (R) Resource Compiler Version 10.0.10011.16384"
"Message",Low,"Copyright (C) Microsoft Corporation.  All rights reserved."
"Message",Normal,"'C:\Program Files (x86)\Windows Kits\10\bin\10.0.19041.0\x64\rc.exe /c ""65001"" /r /fo ""C:\Users\tsop3\gitrepos\ImageScanOCR\src\ImageScanOCR\obj\ARM\Release\ilc\intermediate\BuildInfo\BuildInfo.res"" ""C:\Users\tsop3\gitrepos\ImageScanOCR\src\ImageScanOCR\obj\ARM\Release\ilc\intermediate\BuildInfo\BuildInfo.rc""'이(가) 완료되었습니다."
"Message",Normal,"프로세스 실행 통계(밀리초 단위의 모든 시간)"
"Message",Normal,"-----------------------------------------------------------------------------"
"Message",Normal,"실행  |  시작   |   중지   |   종료    | 기간 | 수명 | [슬롯] 이름"
"Message",Normal,"-----------------------------------------------------------------------------"
"Message",Normal,"       0 |        0 |       15 |       15 |       15 |       15 | [0] rc"
"Message",Normal,"명령 수:      1"
"Message",Normal,"총 시스템 시간:       15ms"
"Message",Normal,"명령당 시스템 시간: 15ms"
"Message",Normal,"총 기간:          15ms"
"Message",Normal,"총 수명:          15ms"
"Message",Normal,"요청된 DOP:           8"
"Message",Normal,"기간 DOP:            1.0"
"Message",Normal,"수명 DOP:            1.0"
"Message",Low,"""rc"" 작업을 실행했습니다."
"Message",Low,"""ResourceBinaryConcatenate"" 작업"
"Message",Normal,"'4' 인수를 사용하여 'C:\Users\tsop3\gitrepos\ImageScanOCR\src\ImageScanOCR\obj\ARM\Release\ilc\intermediate\Native.res'(으)로 연결하는 중입니다."
"Message",Normal," 오프셋 0에서 'C:\Users\tsop3\gitrepos\ImageScanOCR\src\ImageScanOCR\obj\ARM\Release\ilc\intermediate\ILTransformed\ImageScanOCR.res'을(를) 추가했습니다."
"Message",Normal," 오프셋 1416에서 'C:\Users\tsop3\gitrepos\ImageScanOCR\src\ImageScanOCR\obj\ARM\Release\ilc\intermediate\BuildInfo\BuildInfo.res'을(를) 추가했습니다."
"Message",Low,"""ResourceBinaryConcatenate"" 작업을 실행했습니다."
"Message",Low,"""Nutc"" 파일에 ""GenerateBuildInfo"" 대상을 빌드했습니다."
"Message",Low,"""Nutc"" 프로젝트를 빌드했습니다."
"Message",Low,""
"Message",Low,""
"Message",Low,"""Binder"" 파일에 ""MDILBindPrepare"" 대상을 빌드했습니다."
"Message",Low,""
"Message",High,"네이티브 코드에 대한 픽스업 생성"
"Message",Low,"""MDILBind"" 작업"
"Message",Normal,"'C:\Program Files (x86)\Microsoft SDKs\UWPNuGetPackages\runtime.win10-arm.microsoft.net.native.compiler\2.2.10-rel-29722-00\tools\ARM\ilc\Tools\rhbind.exe @""C:\Users\tsop3\gitrepos\ImageScanOCR\src\ImageScanOCR\obj\ARM\Release\ilc\intermediate\rhbindargs.ImageScanOCR.rsp""'을(를) 시작하는 중"
"Message",Low,"OS 버전: 주: 6  부: 2"
"Message",Low,"MDIL: C:\Users\tsop3\gitrepos\ImageScanOCR\src\ImageScanOCR\obj\ARM\Release\ilc\intermediate\MDIL\ImageScanOCR.mdilexe"
"Message",Low,"MDILPDB: C:\Users\tsop3\gitrepos\ImageScanOCR\src\ImageScanOCR\obj\ARM\Release\ilc\intermediate\MDIL\ImageScanOCR.mdilpdb"
"Message",Low,"IL: C:\Users\tsop3\gitrepos\ImageScanOCR\src\ImageScanOCR\obj\ARM\Release\ilc\intermediate\MDIL\ImageScanOCR.ilexe"
"Message",Low,"NI: C:\Users\tsop3\gitrepos\ImageScanOCR\src\ImageScanOCR\obj\ARM\Release\ilc\intermediate\Native\ImageScanOCR.dll"
"Message",Low,"SHIM: C:\Users\tsop3\gitrepos\ImageScanOCR\src\ImageScanOCR\obj\ARM\Release\ilc\intermediate\Native\ImageScanOCR.exe"
"Message",Low,"REDHAWK_RUNTIME_DLL_NAME_A=mrt100_app.dll"
"Message",Low,"pdb: C:\Users\tsop3\gitrepos\ImageScanOCR\src\ImageScanOCR\obj\ARM\Release\ilc\intermediate\Native\ImageScanOCR.pdb"
"Message",Low,"C:\Users\tsop3\gitrepos\ImageScanOCR\src\ImageScanOCR\obj\ARM\Release\ilc\intermediate\Native\ImageScanOCR.dll이(가) 7.315초 후 생성됨"
"Message",Normal,"'C:\Program Files (x86)\Microsoft SDKs\UWPNuGetPackages\runtime.win10-arm.microsoft.net.native.compiler\2.2.10-rel-29722-00\tools\ARM\ilc\Tools\rhbind.exe @""C:\Users\tsop3\gitrepos\ImageScanOCR\src\ImageScanOCR\obj\ARM\Release\ilc\intermediate\rhbindargs.ImageScanOCR.rsp""'이(가) 완료되었습니다."
"Message",Normal,"프로세스 실행 통계(밀리초 단위의 모든 시간)"
"Message",Normal,"-----------------------------------------------------------------------------"
"Message",Normal,"실행  |  시작   |   중지   |   종료    | 기간 | 수명 | [슬롯] 이름"
"Message",Normal,"-----------------------------------------------------------------------------"
"Message",Normal,"       0 |        0 |     7390 |     7390 |     7390 |     7390 | [0] rhbind ImageScanOCR"
"Message",Normal,"명령 수:      1"
"Message",Normal,"총 시스템 시간:       7390ms"
"Message",Normal,"명령당 시스템 시간: 7390ms"
"Message",Normal,"총 기간:          7390ms"
"Message",Normal,"총 수명:          7390ms"
"Message",Normal,"요청된 DOP:           8"
"Message",Normal,"기간 DOP:            1.0"
"Message",Normal,"수명 DOP:            1.0"
"Message",Low,"""MDILBind"" 작업을 실행했습니다."
"Message",Low,"""Binder"" 파일에 ""MDILBind"" 대상을 빌드했습니다."
"Message",Low,"""Binder"" 프로젝트를 빌드했습니다."
"Message",Low,""
"Message",Low,""
"Message",Low,"""Deployment"" 파일에 ""CopyNativeExecutablesToOutput"" 대상을 빌드했습니다."
"Message",Low,""
"Message",Low,"""TransformAppxManifest"" 작업"
"Message",Low,"""TransformAppxManifest"" 작업을 실행했습니다."
"Message",Low,"""Deployment"" 파일에 ""TransformAppxManifestAndAddCrt"" 대상을 빌드했습니다."
"Message",Low,""
"Message",Low,"""Deployment"" 파일에 ""CopyPackageResourceFileInRetailBuild"" 대상을 빌드했습니다."
"Message",Low,"""Deployment"" 프로젝트를 빌드했습니다."
"Message",Low,"컴파일이 완료되었습니다."
